inner_id,username,profile,follower_cnt,following_cnt
2014462378,zara10008,,299,142
37073773974,s0_0_130213,#초딩 #8살,107,95
3306543619,bcwon1297,"#춤추는아이 #키즈댄서 #애플예진 과 동거중인 #배상궁 #소소한일상 #초딩생활 #댄스그램 #일상그램 #10살예진 #딸바보그램
.
애플공주는 태몽속 사과를 바탕으로 만든 애칭
애플이란? 사랑 애(愛) + reply 의 합성어로 사랑하는 마음을 듬뿍 받은 댓글만 남겨주세요",248,284
6278545922,chaejungmin0415,"특별한 아들을
행복하게 키우고 싶은
복세편살 프로귀차니스트
예민하고 게으른 완벽주의자",141,87
1421737269,momo_sue0216,"있는 그대로 마음 가는 대로
#일상#도치맘#40대#9살#딸
#딸맘#초딩맘#운동#다이어터",225,178
4261266466,amore_jihyun,".
💜장터순대국감자탕💜
.
It's your time to shine!
아모레카운셀러: 아모레지현💕",356,150
1475656108,hk.lee111,"#초딩딸
#토리냥
#스피닝
#캠핑카",214,143
29657384002,shin_ryul_hee08,"[8가족_]
아빠🧔🏻엄마👩🏻
률🧒🏻
라👧🏻
찬👦🏻
초👶🏻
봉희🐕‍🦺 메이🐶@sisbongxmay 
6남매 
srh srh schh schh lbh lmy 
🥰봉희야 메이야 사랑해😘",40,29
36832332354,ahyoung_8800,"⭐내가만들어가는삶⭐
#초2딸 #4살아들 #남매일상 #육아소통 #일상소통 #일상기록
틈틈히 공부하고 책도보고 테니스도하고 악기도하고
뭐든 열심히 하루하루를 살기위해 노력하는 #두아이엄마그램👦🏻👧🏻",261,310
1461695617,jeongmin.j,내보물♡,264,409
35386766297,seokyung_0809,,6,8
11880145460,hb___mom,"혜리👧재범🧒
#육스타그램👩‍👧‍👦",8,1
32695963122,minseolee0514,#초딩 #홈베이킹초보🍪🍞 #08 #팔로우환영,46,19
22927579340,yeongah0710,"초딩맘ㆍ아들둘맘🥰
여행ㆍ맛집ㆍ요리ㆍ일상스타그램👐",85,98
31271244343,elated__i.i,"-
💐 하 나",100,73
27933338123,gimdana526,"08
TENNIS🎾",222,125
12141487045,kukmin_book,국민출판사의 공식 인스타그램 계정입니다 :),120,31
22193825593,chae_ni_soo,"젊은 아즈머니🤷🏻‍♀️🤷🏼‍♀️
피할수없어서 즐기는중💃🏼
워킹맘의 일상🤗",50,41
7569604760,_yui62,,350,297
1464257175,jjangguhanalove,,138,86
8514740350,ran_da1027,"10살,5살 아들스타그램😂
소소한 일상이야기🍒🍓",439,335
6774004555,jooae_,"인스타그램 발로하는중.
.
87 🐰
86 🐯
12 🐲
14 🐴
.
[일상,육아,워킹맘,요리,맛집]
.
#아들스타그램#형제스타그램#육아스타그램
#아들들맘#섭섭이그램#인스타키즈#키즈스타그램
#초딩스타그램#학부모그램#줌마그램
#직장인점심#워킹맘#볼수록매력",139,30
4406286,mjsg7027,"옥천댁 은둔생활중
다둥맘라이프
세아들맘👶🏻👶🏻👦🏻
백호랑이 11살🐯
황금돼지 2살🐷
흰찍찍이 1살🐭",304,254
4090105503,ms_mom_jy,corona blue.. read book.. no travel,139,144
3310689772,hyeju777,행복 그자체 쓩쓩~💕,232,172
3692661012,pinkdouner,"8살난 아드님과 19년지기 남편님과 함께..
매일 #점심 #혼밥 으로 건강하게 만들어 먹기
건강하고 긍정적인 삶 추구
#즐겁게 먹고 #예쁘게 빼자
#유지어터 #운동하는여자 #다이어트그램
#아침식사 #요거트볼",469,89
2449910953,h.a.n.a__esa,럽💛헤어 문의  @l.o.v.e__hair,359,129
1697501770,ej126684,,414,406
31127830635,gimjihu217,"아스트로 @officialastro 
#아스트로
리틀싸이황민우 @littlepsy_hmw 
#리틀싸이
최경훈 @k__h_c 
#배우
롤모델🙌🏻❤️
배윤영 @mulan_bae 
#모델
김지혜 @alicefunk9093 
#스타일리스트",185,458
30748634814,hhhhh_yuna,ʜᴀᴘᴘʏ ʟɪғᴇ 🌈💖,68,39
5588743650,kimbokrye,"#아티스트리
#암웨이
#안전드림패밀리
#요리스타그램
#자유기업가
27041542",407,396
39816069690,playground.lsh,"대한민국 초딩 / 네맘대로 쪼물쪼물 /🚗🍭⚽️🎨
유튭하고싶다는 아들 말리고 엄마가 대신 파준 초딩스타그램",3,0
10124835961,j12_jacob,"서준서🐥🍼
준서의 성장일기👪
전지적 엄마시점",20,19
2994771212,wendyson79,,236,225
33790706335,eric_kim321,"2011년생
138cm 30kg
모델 협찬 문의
> s060628@naver.com 
> DM . 010-9811-1945",243,326
1918015293,joovelymaman_js,"주블리 세식구
"" you are my warm spring “
사는 동안 꽃처럼♡",301,228
1995430684,waneelove486,,196,158
1549771658,whitesmile03,,63,76
1655554136,might_s.h,"세상제일어려운초딩맘 일상기록  😸  
소소한 재미         
아이키우는 그냥 이야기
좋은것 아름다운것 함께하기💁🏻‍♀️",135,362
16843557601,happiness_jhj,#소소한일상 #일상그램 #사진찍는엄마 #초딩맘 #아들맘 #8살아들,211,200
3062499278,minmihye,#여배우 #40대 #드라마 #영화 #광고 #연극 #뮤지컬 #락커 #화가 #등등 이것저것 잡기많은 종합예술인입니다. 커피를 사랑하고 운동 좋아하고 사람을 좋아하는 즐거운 여배우의 일상♡,476,274
26413935010,onlywon_cc,"막스타그램
-
다이어트 기록 @diet_onlywon",136,106
2341345611,yoocastle7,"#성현보이
#키즈모델
#아역배우",78,31
40582709629,lala_purple_u,"[일상을 값지게 살아가는 육아맘의 플랜B]
⠀
ღ 아이에겐 능력있는 엄마
ღ 남편에겐 든든한 반려자
ღ 부모님께 자랑스러운 딸
⠀
👇 상담 대기중 ✉",65,146
5675790048,youngmiii815,😃,145,33
8750545905,osj00001,"부산에사는 초등학생
   🇰🇷😎🤜🤛😆🇫🇷",4,14
5315538506,yeon_ju248,,187,98
3698329950,heoyeong9557,"비글 주남매 일상♡
맛스타그램.먹스타그램.집밥스타그램
집밥일기.캠린이가족.캠핑.",167,137
36095262957,donia_sandra,"읽기와 쓰기, 여행과 한달살기, 스페인어와 영어, 디지털노마드, 시골학교와 미남아들, 👦🏻9años 🇰🇷🇲🇽
📍집밥계정 @momoj.minimal",347,195
1127587838,leeyeonju108,,109,241
31329819940,jang.__.10,"11살(2010)/ 남매 👩‍🌾👨‍🌾
#4D_LABLE/#ON1_엔터테인먼트
드림스테이지댄스 영상👇",172,133
3427646363,j_the_family,"One percent better everyday 🍀 🥖🍷+ 🇦🇺🇰🇷 👨‍👩‍👧‍👦  
 #시끌벅적  #가족 #sydney #familytime #holiness",151,103
4318621242,nuskin_jungsun,"Nuskin haha_mom
카카오톡 riz1004
.
#건강한가족
#뉴스킨비지니스
#초딩스타그램 #다이어트그램
.
내 삶을 리드할수있는 일
당신의 미래가치를 보는 p&w그룹~
.",226,245
2360936386,hj__ryu_,먹방. 일상. 요리. 홈쿠킹🍲,488,100
5386555507,halloay0911,"#내인생 오늘이 제일 젊고 #이쁜날 🌈
차곡차곡모으는 #추억스타그램 
#87년생#토끼띠#행복스타그램 
@g.ganz.genau",256,195
29450887922,seo_yean_08,08 / 0910 / 워너원덕후,14,90
1600063673,my_yebbi,#10살딸 #일상기록 #동탄맘 #전주,224,224
529652290,leejungmin21,#🐶#멍스타그램#개엄마#아들맘#초딩맘,224,380
2089532225,yangkeesgram,,90,278
1565533604,s00jung_im,"#초딩맘 #아들맘
#내생각 #내마음
먹는건 여기 @sj_choice100",148,163
3219007882,00jullia00,"Jullia my insta welcome ~ \^♡^/ ~
딸과 신랑과 럽스타그램으로 👨‍👩‍👧
운동은 골프🏌️‍♀️⛳~ 
취미는 꽃꽂이~ 🌿⚘
좋아하는거는 영화관람📽🎬.드라마정주행
커피☕마시고 공부📖하고 밥🍚먹고 틈틈히 짬내서 여행🚗😄
알콜사랑🍺🍾🥂🍶🥃🍻",235,276
19566255308,hyo__.eun_,08년생13살초딩 초등학교,22,27
29555226138,yongjoo1011,"마린시티 
초딩3.",179,2
301012510,mrstunabeans,"내 인생이 먼저
Love the people who treat you right. 
Forget about those who don’t. 
Believe everything happens for a reason.",278,323
14043650139,s._.y709,"💉
@sfx_709
.
☀13살
a well-earned unemployed man",94,47
28465488599,pig_sh11,"최애:마플님,연애혁명(자림),꾸몽
차애:팀샐러드,수빙수,우주하마
삼애:공포/스릴 웹툰,고양이/강아지
.
.
주로 패러디 캐릭터를 올립니다
잘 부탁드립니다:)",46,28
25820078988,ssim_yeonseomom,,59,32
4118225876,kieun0617,"귀요미아줌마/효은엄마/석수마눌/연희왕엄마♡
☆소소한일상 다이어리☆",219,203
13811291261,siena_inside,좋아하는거 하고싶은거 하면서 즐기기🤩,78,142
2244327182,jhseo0523,#일상 #캠핑 #먹방 #요리 #운동,457,266
12600666107,herjilee,#초딩스타그램,25,11
19580890242,nahyun0226,🇰🇷09.2.26,25,15
15506069969,ty_kyoung,"🇰🇷.
초딩일상.
성장일기.",48,23
6987724288,jjunggun_j,"#우석군과 #민석군의 #일상스타그램 #키즈스타그램 #초딩스타그램 #형제스타그램 #정씨형제
*광고 팔로우 피드 안갑니다.. 진짜 소통하실 분만 맞팔 갑니다*",83,37
14887706004,sol__428,"08년생
소소한일상;daily
.
.
#초딩스타그램 
#일상스타그램",172,71
4008882082,eun_soo_violin,,170,269
9942375709,heey0ung.ahn,일상속 행복 찾기🤗,53,65
40584179189,_commeboutique,"✨🎈프리미엄 키즈 셀렉샵🎈✨
🌼premium kids multi brand store🌼",53,38
9013470419,kyunghwaroun,"👨‍👩‍👧
+ 딸바보
+ 형제애가 두터운 부부
🏡
@jukwangseak 주광색",379,19
40116076652,lol_lol_sz,#얼빠 #아이돌좋아함 #여친많음 # 눈높음# 장모치와와있음 # 운전싫어함 #술 안 마심#착함#착함#착함#착함#작고뚠뚠함#착함,99,71
6138772210,parksoyun12,"너와 나의 연결고리 
ⓙⓘ ⓗⓦⓐⓝ , ⓙⓘ ⓦⓞⓞ
09년생 11년생 🌶 둘 MOM 
오늘보다는 내일이 더 행복하길 😘
여행도 좋아하고 먹는것도 좋아하며 
쇼핑도 좋아하는 story of our house
블로그 시작 👍",276,95
4467994815,105mmc,민재 민준 애비,56,52
1723397901,woo7862,"#개스타그램 #집스타그램 #식물스타그램 #애스타그램
사람. 동물. 식물 의 일기.  사지말고 입양해요.",487,297
1587304580,ek.lemon_21,"#육아, #쌍둥이, #남매둥이, #둥이맘, #훈남아들, #똑디딸, #육아, #소통, #30대, #포항, #일상, #여행",321,314
40054539840,study._.dabin09,"십이세 서울대 경영학과 지망생
코로나때문에 집에서 열공중 💯",64,43
35701042039,boy1004_,"🍀이철헤어커커 강남차밍점
🍀공휴일도 오픈합니다
 Open Am 11 ~ close pm 8:30
🍀문의는DM📩🎀
🍀예약은 하단의 예약링크
            👇🏼👇🏼",137,273
3102034122,lallajenny,,278,292
39632299711,kimjakga0809,👇꾼이벤트 인스타는 아래 링크를 누르세요.,77,83
39178819710,babyfor1004,"수입 아동복 [ 베비포 ]
: 네이버 스토어팜👉🏻베비포 검색
: 오전 9시 이전 주문 당일출고🖤
: 지금 구매하면 다양한 사은품이 팡팡🎉
-
#베비포 
아이를 위하는 엄마의 마음으로🤍
#등교룩 #데일리룩
베비포를 찾아주셔서 감사합니다😊
-
: 아래 링크 클릭👇🏻",178,234
2058826589,ddongs_house,,66,96
39053013778,momo1027k,,4,4
6580528983,geb_90,#워킹맘 #애둘맘 #초딩맘 #일상 #소통 #먹스타그램 #푸들 #반려견그램 #럽스타그램,204,117
4051564878,sosomom_jina,"서울 구로 육아맘 딸육아 자매육아 30대 ☆
YouTube : Soso소소맘",122,112
18399595142,m1nju_p,"hi🎵
소소한 일상의 행복❤️",213,350
9981951752,hyeongaeun37,"일상, 행복, 추억, 가족, 여행, 맞팔",34,27
1795220608,_mayo_mayo2,,38,24
37067170105,eu_nu_1129_,"ㅡ
2020.6.8 시작
🇰🇷",17,126
2273219506,ggoggomom,"#꼬꼬맘
#꼬꼬맘마켓
#딸딸맘 #안양맘 #소통왕 #오지라퍼 #동남아여행 #평생다이어터 #마스크공동구매",465,477
3302905165,tnwls4462,,61,39
40375077907,daram_ovo,"늙은 누나가 관리(@boda_pic )
08.12.12 | 165cm | 45kg
문의 및 협찬 DM📩
#주니어모델 #키즈모델 #초딩모델 #초등모델",134,100
13776574204,m101012s,"2011 열매달 열아흐레✨ @moonjunyoung0917 
2013 마름달 열흘🌠 @mjw131110",280,425
2745753442,bbobbomama,"내맘대로내키는대로사는이야기.
매일행복하진않아도행복한일은매일있다고.
나는지금행복해.",308,37
1832571491,hs_cw_1424,,227,141
12599092423,emcy_ah_i,#🥋👩‍👧‍👧🏃‍♀️👩‍❤️‍👩🤦🏻‍♀️🙋🏻‍♀️👩🏻‍⚖️👩🏻‍✈️👩🏻‍🎨👧🏻🌈💝🧮📝🧘🏻‍♀️🤳🏻🤬🤭🤗,72,69
7363073175,3yeony,#육아 #일상기록 #유아식판식 #캠핑,349,110
25244851123,yoonsohee2020,"여덟살 아들과 놀이,학습,여행,육아 그리고 모든 리뷰",39,34
7279229444,joolaelmom,"나는 예수님을 믿습니다🌿  
나의 삶은 내 주 예수의 것이니, 내 전부되신 예수로 살리..🌼            
ep. 삶의 <개인 기록장>👨🏻👩🏻👧🏻👶🏻
#은박이네 #은박이의묵상일기",101,75
30840959414,offbeat_night,10년생 천재 아티스트의 누나가 동생 자랑하려고 만든 계정,23,16
29792065393,jurani0804,"낭랑 12쩨❣️
Believe you can and you’re halfway there✨",9,15
38354104940,sarang._.09,,1,1
4371372382,hausberlin21,"세 딸들과 함께 즐겁게 책육아♡
소중한 추억 기록장
여기는 육아정보계정이라 전체공개
친분있는 분들은 내 사람들하고
소통하는 계정으로 오세요🙏🏻
#책육아 #공연 #전시 #체험 #맛집 #카페
좋아하는 9살,7살, 4살 엄마에요!
viel Spaß ✺◟(∗❛ัᴗ❛ั∗)◞✺",230,270
1593011949,_jaya_style,"⭐⭐⭐I am a Christian ⭐⭐⭐
#코로나일상 #초딩맘 #워킹맘
#잘먹고잘살는일상 
요리그램은 @jayas_bowl_meal 으로!♡
🍇🍈🍉🍋🥝🍆🥑🍋🍅🧄🍄🥦",145,139
3263236912,joon_jin_mom,"준호진호맘~♡
2012.05.26:💏
2012.09.17:👨‍👩‍👧‍👦준호♡
2015.07.05:👨‍👩‍👦‍👦진호♡
9년차~!👨‍👩‍👦‍👦",366,88
36599572547,mjw131110,,24,30
37489042148,bobaebobae2011,"#소통#일상#초딩
l'm happy😊",37,28
1429804274,ron__yj,,414,371
721351338,__song2da__,,373,475
1185894201,yj_sw_lovable,"2011 👨‍👩‍👧  2014 👨‍👩‍👧‍👦
초3 여진🙎‍♀️ 7살 시우🙎‍♂️",481,381
39560267372,studyingbina,"예비중1의 공스타💗
공시는 학원하고 인강,숙제등등만 해요
맞팔은 DM(공스타는 맞팔확정)
호구단입니다
언팔➡️맞언팔.
@eni_swm 완전 좋아하는 스메😽(8/20)",125,95
3194581501,kimboyoon8963,,101,79
1835385664,twinkledaya,,451,129
3611563839,mini80_adela,"ian12.4♡ain3.6
(마르코4.25♡릴리안12.8)
adela 그리고 쓰다 
@joyholic1980
#굿즈판매 #마플샵",233,271
8646676424,dalnim_x_x,,164,152
4058796931,haree_mom,"#딸스타그램 
#2012년생딸 
#용띠딸🐉 
#🇰🇷🇵🇭",267,438
16257830785,sechan8113,#초딩아들 #패션 #헤어 #운동 #먹방 #육아소통 #맘소통 #맞팔,85,89
35055049219,jeongyeweon_08,,36,89
2285401035,cheer_boomboom_cha.s.m,"부산광역시치어리딩협회공식시범단(붐붐)
이서윤,이승우
나비가 될 때까지  기다려줄께 ^^
#붐붐 #스턴트치어리딩 #주니어국가대표 #프리스타일팜국가대표
#주니어치어리더 #이서윤치어리더 #대한민국치어리딩국가대표
#팀코리아",453,410
6215160097,jeongminjun1020,"정민준,너는내사랑♥️",277,184
1784957649,teragod79,"새로운 인생의 시작!
나답게 나처럼 나로 살기!
경제적자유를 꿈꾸며 
오늘 무언가를 하지않으면 내일은 저절로 오지않는다
.
.
.
#프로젝트봄봄
#시크릿다이렉트코리아
#레인보우컴퍼니",137,115
7388010337,miso0489,"https://m.blog.naver.com/tiamo0489
#제주살이 #전원생활 #일상 #데일리 #독서
#홈스쿨링 #엄마표영어 #초1 #초딩일상
#북리뷰 #북스타그램 #독서스타그램
아들이랑 꽁냥꽁냥 놀이일상",199,85
5670099549,shjj_17,"여행❤
운동하는 여자🏃‍♀️💪",123,60
8745978355,sinsuhyeon30,"서우마미♡
워킹 맘🏌️‍♀️",71,44
8154563256,kimzia0,"❤김지아❤
💚8살💚
💛깜찍이💛
💝예쁜딸💝",86,120
6820734958,rainy_0313,"별거없는 #소소한 #일상스타그램 #딸스타그램 #딸둘맘
#워킹맘 #재택사업 #수입의류쇼핑몰 #수입의류도소매 #빅사이즈여성의류 #명품잡화 #문의는dm",348,182
18527577090,icubedenglish,"✏️Teaching the Whole Child🍎                           🍏빠른성장이 아닌 바른성장의 영어교육
미국 초등학교 정교사 10년 + 대치동 영어학원 11년 출신 원장이 생각하는 한국 초등학생들의 올바른 영어학습",162,132
863264828,lastella_hj,✨🔮✨,268,159
26255995046,thpt2839,@zestco_korea,136,39
10666544614,sj_oh5,"We have not wings, but we have faith",27,45
23446368135,jj_ong_e,"언팔하시면 차단들어가요 🤦‍♀️
쫑이야기
유머/영상/마음이 행복해지는 글
인친구해여 ♡",73,72
39376178844,study_nk09,"2009년  공스타☆
공스타 맞팔은 소통 하실 분만 받아요 ! 편하게 디엠 주세요
2020.08.14 공스타 시작일🥰
팔로우 좋아해요❤",25,10
15218386810,annet_brush,"•미국/유럽 해외무역 -브러쉬 비즈니스
•국내 ANNETBRUSH /ANNETSTORE 
•브러쉬 및 툴  자체브랜드 운영
•ANNETBRUSH BRAND CREATOR",460,380
2056601190,ta_emm1n,#✂️디자이너#19세#수원뷰티실용전문학교#고3#화이팅💪,96,104
39305760243,gallery.1025,"그링그리기   좋아하는
초딩*^^*
예쁘게봐주세욥",2,1
7643748724,amj_academy,"AMJ가 어떤 곳인지 궁금하시다면☝️인터넷 검색창에 ‘AMJ어학원’
우리가 어떻게 성장하는지 궁금하시다면☝️유튜브에 ‘AMJ어학원’",430,370
1966573701,miho0850,FOREVER  H.O.T.♡,56,96
40038267888,bebekong_1313,"-
수입&국내 유아동복 베리콩입니다
비글남매육아계정 @bbu42579
-
공지사항 전달후
주문 넣어드리니 꼼꼼하게 보신후주문넣어주세요❤
-
베베부터 주니어까지 이쁜옷들이 가득!!
품절건외에는 주문이후 취소/환불은 어려워요🙏
-
모든 문의/주문은 하단 링크로 부탁드려요",199,85
2339259336,shee_1982,"아들둘맘💕
#육아#맛집#일상#소통
#책육아#독서#독서습관
광고🙅🏻‍♀️_돈도 제가 알아서 벌게요",113,117
30827138692,baeggaweon8,"그림,공부 하는 계정:)
#초딩스타그램 #그림 #09년생 #흑역사될듯",19,12
29871822547,yunjo_94,"❤👨 박성만+👩박윤주= 🧒박동하👧 박서은 ❤
사소하게, 반듯하고 예쁘게, 오래도록 다정하게.",119,109
1500564394,dear_love_from_love,,29,29
2208425288,solideogloria_,SoliDeoGloria_,250,107
7887328710,hwani_bebe,"HWANI BEBE💖유아동복
국내/수입 유아동/주니어 상하복 캐릭터옷 좋은상품 최저가😊
 @miae_2858 👈인셀덤화장품/보타랩샴푸
카톡 /카카오톡채널ㅡ화니베베유아옷 
🔽🔽화니베베쇼핑몰  상품구매하러가기🔽🔽",240,161
5417194695,sunwooluv,"하트♥꾹!꾹!꾹! 만이만이눌러주세용~~
팔로워+꾹!꾹!눌르고가기❣️
(지나가는길!하트,팔로워+눌루고가기)
앞으로열심히 할게용~~^~^
악플 놉!! 하지않기^~^ (틱톡 이름:욤이욤이 선우)하트,팔로우해주세요.",42,79
30360937407,k___woo.ye,"❣
 
ෆ 13.10.13 pm : 15:12 ෆ
ෆ 19.02.19 pm : 12:59 ෆ
 
 
광고❌ 부업❌ 다이어트❌ 맞팔안해요‼
 
#육아#일상#육아소통#선팔하면맞팔#좋아요",359,162
40325936751,kim_sk7,"캠핑⛺여행🛫
육아👷‍♂️👷‍♂️
아들둘,큰아들 
그리고,
내가 살아가는 이야기👨‍👩‍👦‍👦",156,269
40019762873,wjdekdms2009,그림 그리는 그림러/09년생/07.26 내 생일/그림을 사랑하는 학생/맞팔❌,7,0
18120858522,opelraika,,19,4
36868717254,thehaving_77,"#일상 #요리 #집밥 #아들딸 #리뷰  #샐러드
😅소통하실분만 팔로미~부업안해요~광고사절😅",489,213
2269684053,an_yoonhwa,INFJ-T,163,57
2090153066,turbo8318,"소소한기록💕
🌟두딸맘 🌟육아스타그램 🌟
🌟엄마표공부, 독서, 재테크🌟
 10살,8살 딸램맘👭",103,238
2008940501,eunyeong_han,,70,34
14344348790,soyoon237,,65,25
1815432615,bin_rin_88,"130808 am 02:54 3.26kg 서하빈
170602 pm 04:10 3.08kg 서하린
#목포기독병원 #간호사 #워킹맘 #딸둘맘",264,273
1973731466,hyungsik_cho,,244,213
40465458498,mineun_study_with_me,"04 약대 희망👉👈
선택과목 물화생
공스타",43,10
2300636539,lhj50233,"민주. 지운
흑룡띠 딸👧  
황금개띠 아들🧒
남매둥이💑
소소한 일상♡
행복한 우리가족❤",207,377
7363428253,jung_3023,🌈🎈,48,65
2080107329,and_daingo,,34,46
33010420428,tennisup24korea,"광장동 실내테니스연습장 테니스UP24
예약문의 : 010-7243-0018 카톡ID : tennisup24",221,344
21887064175,gimjihu483,,53,49
7940894636,kidsschole_choryoun,"책으로 자라는 10살 아들램키우는 엄마
만지는 수학 전문 강사
의정부북까페_♡
—————————————
🌈#밤비노 #미니루크 #크리에이티브7
🌈#마이퍼스트월드 #스텝스
🌈#일간대치동
—————————————
키콜상담 및 서포터즈 신청_📩 ⬇️⬇️⬇️",253,312
860831278,kimhanwoori,"아들👦🏻 딸👧🏻 
이탈리안그레이하운드 볼트(16.1.24)🐾
아이들과 여행하며 하루하루 소중하게",330,357
5261178043,damsfamily,"윤소담 13년 1월 123cm 22kg
윤주담 15년 4월 106cm 16kg
담쓰남매 초보모델 도전기
..................................
쓸데없는 광고사절
문의는 DM으로
아버지의 원대로",240,167
40589596544,yangeunjin0702,은진이!!!!!,29,35
34619838683,new_s88,,118,150
2272304117,krystal1463,BTOB사랑 / 김시후 김은후,184,427
12776075,wonjoon_insta,"• Car Designer 
• Daddy / Husband / Sneakerhead 
• Enjoy fishing, traveling, and dining",478,412
33708481586,0428_clover,"피아노 치고, 그림 그리고, 노는 거, 맛있는 거, 여행 좋아하는 감수성 초등학생 (5학년) 입니다^^",37,10
1456194651,rina_____1004,#육아#일상소통#초딩#딸맘#애스타그램,117,121
8981670263,kidsdrillgym_yaeum,"울산 어린이 주짓수 🤙야음/달동 드릴짐
●발열체크●마스크필수착용●소독방역
""안전하지만 강한 호신운동""
""마음의 근육까지 키웁니다""
🔹️주짓수🔸️킥복싱🔹️줄넘기🔸️체력단련
야음동 622-4번지 3층 <신정현대홈타운1단지 정문 부근>
☎️교육상담010.9616.8908",107,172
4290760635,ihyun_a,#육아스타그램 + #먹스타그램 + #초딩맘,214,167
21778377566,eiko_aoki3,"副業❎
営業❎
DM  ❎",425,66
9735303214,happymin2344,"소통🐒🐇
딸스타그램🐥🐥🐥
일상생활 속🐳🐳🐳🐳",213,151
7079428344,ho_jung_star,"이호정 엄마 계정.관리
13살 오산 가수초등학교
♡키즈플래닛
♡프랭커스
♡오산더탑
♡lbma_star
#키즈모델#댄스#연기 ,피아노,태권도,미술,바이올린,토론~
하고 싶은게 많은 아이~
너가 행복하고 즐거우면 그걸로 만족하기♡",363,239
6039605955,su_jeong_vv,일상기록.,278,225
6554928220,iamjeongseop,"2019.01.13🤵🏻💍👰🏻
2020.01.17👨👩🧒",226,411
12019138005,james_kalaah,내셔널지오그래픽,101,187
1911562499,yun_h.m,,383,147
23614257002,sosohanyanji,블로그와도같은 이 계정,123,19
38520056852,luv_luv_memory,일상이 잊혀지지 않도록,2,4
2126901892,coffeesomin,"빵미네 하우스🏡
좋은건좋은거다",120,298
4111985976,jusihwanimom,주시화니맘의 소소한 일상...,154,193
6998077041,ggiggo_9,하나뿐인 내편❣️,24,25
13103311773,cw_s0185,"그냥 관종 초딩 ٩( ᐛ )و 🤍
#일상스타그램 #초딩스타그램",13,16
27955155702,simple__6789,"👨‍👩‍👦‍👦고1,초2  아둘맘
📱디지털노마드
🗼워라밸 🏖
👙20대 같은 40대 👠
🌟해피바이러스 뿜뿜✨",7,4
10593937746,_woo_jin_lee,"2012.10.06
#인스타베이비
#인스타키즈
#아들스타그램 
#멋쟁이아들",166,168
40583133953,esthe_1758,,102,29
5357990155,from.or.dear,금천동 장자마을 5단지 앞 4층 성무태권도:)⚘ 043 295 7677,237,181
38069453704,momo_poler,,45,45
14528014683,nayana070707,#도시생활#시골생활#농사#자연👨‍👩‍👧#육아,80,59
369493995,black_uniq,,124,106
1496898418,ryooshawn,,263,225
5784994413,lovely_binnimi,"아들둘 맘 (8살/5살)  형제 이야기😁
재활용을 이용한 엄마표놀이🤓
엄마선생님이 알려주는 홈스쿨
엄마 꿈 다이어리 (자기계발,다이어트)",147,360
39618238685,minminmom87,"다시스타트
팔로워가많이늘었으면좋겠다😢",13,13
1970574596,se808410,"8살 딸과 함께사는 재미있는 인생
만드는게 즐거운 여자엄마 사람
열심히 일하고 열심히 놀기
육아.집밥.맛집.일상",167,328
24085459175,chihny_,놀러갈래✈️,95,85
4094516524,jh84_happy4u,"⠀
❝ 세아이맘 정하 ❞
⠀
                        반짝반짝 빛나는
                아이들의 꿈을위해 ✨
⠀
13년차 엄마의 독박육아 𝐒𝐭𝐨𝐫𝐲
⠀",332,245
23670133002,kj_jiho,"초등학생_학생
 저는 아직 초등학생인 지호입니다
인스타가 적용이 돼네요
너무 좋아요 good~~",27,27
32746560904,soo._.y_,"🎀학생
🎀배그&로블록스&제페토",11,65
3285982893,chowonjaes,"2012.10.29/130cm/25kg
#아빠와아들 #일상 #키즈모델
(9세 유튜브 크리에이터)🔻🔻🔻🔻🔻🔻",172,143
24378515910,ye.jin__lee,긍정예진🎶,30,112
2209245634,vivienne_4860,"Amor Fati
나는 점점 더 사물에서 필연적인 것을 아름답다고 보는 법을 배우고 싶다; 
그러면 나는 사물들을 아름답게 만드는 사람들 중 하나가 될 것이다.",223,212
36191524253,hado__s2,,38,37
1790445448,singni_2,,25,19
3956966343,hj7280,"아동복_베이비의류 부터 주니어의류 까지
⬇️푸딩아동복 스토어⬇️",372,200
30731277171,modelhani_,𝗁𝖺𝗇𝗂 🎹,62,58
7604928137,0ng_bi,"#초등학교선생님 👩🏻‍🏫
#햇살이비치는교실 💜
#pobi스타그램 🐶",211,216
19692948728,boni_ta_shop1,"Bonita office계정
#순천옷가게 #고급여성의류
순천시 해룡면 백연길105-7 대광로제비앙 상가
(욍지파머스 건너편) Bonita
전국택배가능
전화문의 01036270103
오픈카톡👇👇📱
좋은 옷 만 판매해요♡",231,276
4520127557,mhj0200,"핸드메이드 작가
100% 수작업
티아라,왕관,리본,공주캐릭터 제작판매
파티용 헤어악세사리 제작
#핀만드는준우맘
문의환영 010-5557-9250
#m.smartstore.naver.com/mhj0200
#mhj0200",260,147
38818356753,choi_yena_0205,"09년생
♡ ⋆⁺₊⋆ ☾⋆⁺₊⋆ ♡̷̷̷ ⋆⁺₊⋆ ☾⋆⁺₊⋆",37,14
13846651647,chef_k.hyunjun,,175,296
35232149378,yeweon2010,,10,43
3859601402,kim_na.82,"👨‍👩‍👦‍👦들들이네.🐶아들중둘이,🐯아들초삼.광고🙅‍♀️",220,231
3258126032,wonrinsang,삼남매와 햄볶기👍😍💕😂😅😳😭😏😁😘😌😉😊😒,264,169
38251868172,heeyamami2020,,46,12
1722180922,eunju_0711,"지수.지빈 딸들과 함께하는 
소소한 일상이야기👭👨‍✈️🙎‍♀️",331,453
1648590846,eunvelyvely_7,"eunvely's diary
Kids & life.. dream",418,212
31285750540,jy_090616,"09.6.16/🇰🇷/🏳️‍🌈
사운드 클라우드,위트wit,에스크- 백주예
#음악스타그램 #학생스타그램",9,9
1379634040,i__am__jeong,9세 ‘딸’과 그 ‘엄마’의 이야기 🌸,392,33
37510282124,leejihee47,"후니엘맘💕10살아들,5살딸 아들딸맘🤴👸육아소통환영
⭐ @aurora__star_ [MARKET]",363,440
6020136988,m_won0310,,22,23
17588123519,myownj1,"🌈 Lalalla Otter🎵 수달 제이~ ʕ·ᴥ<ʔ✧
.
'Have courage and be kind '",135,64
9172528451,gimjigyeong9,#남매맘 #영도맘#우블리,147,65
27607339516,remarkable.english,"영어, 즐거울 때 아이는 자연스럽게 배웁니다.
영어를 듣고 말하고 읽는 일이 자연스럽고 즐거운 아이
원비 거품은 빼고 수업의 질만 고민하는 사람
진짜 Language Arts 🤗
우리 아이들은 이제 영어에 푹 빠져 즐길 일만 남았습니다.",168,46
5728631927,cchmom81,"찬채후 삼남매맘
찬채후 행복이 나의행복😍
#13살쌍둥이남매👧🏻👦🏻
#7살내사랑늦둥이👶🏻
 #여행#일상#키즈댄서 
#쌍둥이#삼남매
#동두천문라이팅 
#조명인테리어
#moonLED조명",84,97
28804898379,kimhayeonv,"#초딩스타그램 #초딩      @insta_cat_hy ←고양이계정
디엠 보내지마세요❌Don't send DM.❌ 
↓밑에는 틱톡계정↓",90,33
6918333842,happyful_dy,"책육아, 자매육아, 집밥이야기
일상이 만들어 내는 아름다운 이야기😊",356,208
40406095505,kej84625,,56,67
5569584140,hyun_joung3757,"SEACRET~
빠박이생고기~빠박이마님
06년10월 08년05월13년02월  아들셋맘~^^♡
카톡 r2412008",189,345
1692405954,rehappy8,여행을 사랑하는 평범한 워킹맘,172,77
5752502339,kimsunhee7500,"❤머리만지는 워킹맘의 일상
❤아들둘맘 일상
😍😊😜😁😄
ㅡThe빨강ㅡ
경산시 계양동 장산로 256
맛집 미용실 
손님많은 미용실
아담한  미용실 
동네 미용실
매주 화요일휴무
053.801.0046",224,248
1626071700,jiwoomom3876,,134,111
38945707019,2_kko920,"10살
똑단발 소녀💁‍♀️",13,12
21031832861,kikisemisemi,"★생각과 감성이 자라는 창의미술★ 
즐겁게 생각하고~ 재미있게 표현하고!!
재미는 최고!! 실력은 최강!!
그림쟁이 선생님과♡ 그림이 좋은 아이들♡ 055 586 4564",187,303
2303467375,saldud9205,"소율맘💕
행복한 율똑똑이네🧡",359,54
38530767066,eureka_coding,"코딩강사 및 앱개발( 스크래치 / 엔트리 / 앱 인벤터 / 아두이노 )
*
3d 출력장치 강사(3D모델링 / 3D프린터 / fusion360 / tinkercad)
*
드론촬영( 항공사진 및 동영상 / 홍보영상 / 기념촬영)
❤무료촬영이벤트 진행중❤
*
헬린이💪",20,21
10598777761,study._.sh29,"🤍Notice 필수로 읽어주세요:)
💚6.15~공스타
💙프로필 사진 접니다:)
+이제부터 디엠 무시하겠습니다
댓글로 달아주세요!
지인들은 톡으로 얘기해주세요!",150,194
8282660098,kangsins3,"#먹스타그램 #먹스타맞팔 #소통해요 #소소한행복 
#먹방스타그램  #먹는게남는거
#전주맛 #전주맛집추천  #현지인식당 #현지인맛집 #현지인맛집",365,173
26160517224,vinieinilove,"#육아스타그램  #자매스타그램 #육아일기 
 #엄마표
#초등맘 #9세딸 #7세딸 
#자기주도학습 #습관잡기
#쌍둥이같은자매",146,155
8530292847,han____ys,,351,197
7525926523,daegu_chauffeur_080_507_0007,평범한 일상 속에 행복과 즐거움을 찾아서..,44,0
4344146508,azasoony,👨‍👩‍👧‍👧💓,61,133
3034973603,ljy40581,"「 팸룩스토리 」
- 돌촬영가족시밀러룩
- 팸룩
- 우리 가족의 입는 즐거움[…패밀리룩]",489,47
1430960114,juyyaas2,"-
오늘 밤에도
별이 바람에 스치운다.",151,170
10866438896,sseorimam,"어느덧 40대.. 삶이 참 덧없이 빠르게 지나간다
#흔한40대 #평범한일상 #그러나특별한",45,20
1657540271,babynix.min,"Landscape architect, 造景家, ぞうけいか
Space Designer
후회없는 삶을 위해. For the life without regrets
(상업광고 팔로워는 사양합니다 🙅)",121,94
1957451275,eunsunny_1031,,155,120
15855892166,sally06_18,안녕 난 초딩 유세원🐹,36,55
11195608915,zzina_0819,"#딸하나아들둘 ❤#요리스타그램 #행복스타그램 #먹스타그램 #육아스타그램
2010년생딸랑구❤2011년생아들랑구❤2017년생아들랑구❤
신랑🤵+나👰=내새끼들💕우리가족👨‍👩‍👧‍👦",405,291
2223612856,re_a_ung,"🧔🏻👩🏻👧🏻 🐶
일상,외동딸,비숑,💒,🩰
봉달-@bongdhal",135,202
7264591,choric,"그대로 참 소중한 너💚
지나고 나면 다시 오지않을 시간, 많이 사랑하기👨‍👩‍👦‍👦",113,133
2003816789,c_eunji_0,"🌈
-
TMI Zone ⬇️
@eunji_tmi",156,148
29622136479,taegyeom486586,"자유 몰입 성취
공감능력과 창조적상상력이 넘치는",35,4
1658950808,elly_fam_diary1224,"인천 초딩맘:)
꽃같은 나의 청춘.
뭐든 열정적으로❤️❤️❤️
*돈은 없지만 재테크 ,살은 찌웠지만 다이어트 광고는 정중히 사양해요*",331,125
38226837126,rorotuve,"주욱으어ㄹr 코로ㄴr  
안녕하세요 
스틱파이터 하는 로로튜브 입니다 
저는 스틱파이터 2달째 인대 실력이.....
#로로튜브 
#초딩스타그램 
#스틱파이터 
#스틱파이터그램",46,50
12365097298,bluecyanjihoo,,249,271
7321442377,momomom0313,With my Son [ Nathan ]🍦🍭🍿🎈🍟🎪,87,44
6012310800,100_dodo_,"선팔하면맞팔해요♡
도도🐍&아지🐶&보름🐶
🚫다이렉트 안받아요📵
#캠핑 #반려견 #육아 #육아맘 #디톡스 #시너지 #다이어트 #일상 #선팔하면맞팔 #초딩맘 #아동복 #딸스타그램 #엄마옷 #쇼핑 #아이옷",382,367
35805852022,janghyeonseo_2010,"이름:장현서 나이:11세
틱톡(Tik Tok):현서🇰🇷 유튜브:장현서 인스타:현서
4d레이블,,ON1엔터테인먼트  데뷔조S(스테이)
좋아요 팔로워 구독 많이 해주세욤!!",71,40
39759036579,gayun18,"💙이쁜 하루💛
😍감사합니당!😍
💕수고했던 하루💕
🙎초딩이닷!ㅋㅋ🙎",27,34
4762781362,two.binbin,,71,148
4016547452,soo.yul,"♡현빈앓이중♡
9세 6세 공주님들 육아이야기
유아식단,요리,여행
아줌마의소소한일상",412,350
9305603522,kidspresident_sinjeong,"어린이 실내놀이터 & Moms 카페
: 서울특별시 양천구 신정이펜2로 22(신정동,신정프라자) 7층
☎️02-6941-1030 / 010-3367-3434
🚪오전 10시부터 오후 9시까지 / 금요일은 오후10시까지🚪",71,61
14555578023,jaeweon3099,정재원 입니답 프로필 사진 왜 깨지는지 모르겠어요 ㅠㅠ,40,45
29315764261,k_jennie1223,#초등학생 #키즈 #키즈모델 #키즈패션,452,317
40567763885,juno_junong,"음악을 좋아하는 초등생 
댄스도 좋아요 
피아노 치고 노래하고
여행 좋아하고 
초콜렛 엄청 좋아하고
포켓몬... 모으기 좋아요 😀",89,8
11705686202,dowon_ghimm,Dowon ghimm's life,19,6
862519161,iamchanwoopark,"40세 웅이아부지,",248,113
7570972724,woody_owner,"갬성 맛깔나게 볶는 남자
_(주)공공장소 대표
_브랜드로스팅 대표
_바닐라가이즈 운영
_vanillaboyz studio 대표
당신의 BRAND를 최고로!",316,227
3935486132,k02040602,"#초딩스타그램 
#먹스타그램",119,195
2316992330,dgnlee,"🌠 SMU Global Business ' 20
<나의 선택은 틀리지 않았다. 후회없이 그냥 믿자.>
<한번 보고 말 사람은 두려워 말라>",309,304
1565411158,dlwlsdk6178610,selena 👀,203,71
1539313096,jeongeun85_hsmom,"신다롱(2002.02.01~2016.01.24)
이호성(2011.9.19)이순돌(2019.2.2)이구찌(2019.5.10)
#슈퍼파워우먼워킹맘 😚의  소소하고 행복한 가족이야기 ♡
아빠 엄마 사람아들 개아들 개딸 다섯식구의 행복사랑일상  ^^",226,69
10362916830,lovely__miso,"##모든날,모든순간 ~~😊🎶🎶",143,133
2027052999,fundream79,"젤리비즈,구슬이야기,
큐빅페인팅,매직페이퍼
스토리삔(헤어악세사리 전문)
젤리슬라임(재료쇼핑몰,창업상담)
www.ganada-mall.com 
충북일보문화센타강사
온라인창업컨설팅,교육
스마트스토어아카데미
스마트폰교육",326,220
39812206001,08_poyoustagram,"선팔->맞팔 본계 @potto_love
그림계정    #손그림 #소묘
08년생 그림러 @mylife08102
❌No stealing
❌Cancel Follow
❌Do not repost my artwork",144,385
6034929027,hyeseonkim78,,124,105
2018188192,yeana1208,"MinMin story🌿
Na gram🌸",300,180
39453868777,auxi2037,,7,3
3642779587,yoon_sola,"육아휴직중
염블리1호 - 초4 / 염블리2호 - 초2
염블리네 네가족 일상, 추억남기기, 초딩육아일기",388,201
1453788171,kamja775,"애둘 엄마의 사는 이야기
=내가 좋아하는거 하며 😁",220,98
1704460341,m__j.89,,290,174
2087481413,dani.__yu,,292,387
28835090362,m.a_lee_1019,"#가은다연mom#일상소통#딸둘맘
#북유럽풍#감성#우리집이맛집👍",16,25
3560086101,yoon.chaechaemom,,490,347
38443110872,yu__yu__07,8살아들과 3살딸의 평범한 일상😍,230,76
4551153107,sunmi6654,,162,199
5803257873,___gyuna___,🐈 @___prize,84,38
1394295186,sheem_silver,,64,114
652652409,yangmae11,,178,98
39874909960,daegu_mulsori_pension,"물소리가 졸졸 흐르는 물소리펜션입니다~물소리펜션에는 펜션지기가 작업하는 목공방이 있고, 바로 옆에 ‘방석’이라고 불리는 비슬산 계곡이 있답니다🌱",45,81
19625864475,jungbin0617,"📌맞팔은 DM 으로😊
0️⃣9️⃣년생      #맞팔#광고는맞팔안해요 
유튜브 채널 👇 YouTube",127,96
178794082,joeparksan,,196,176
29117847242,hayul.baeg,인사말 따위는 없다(?),14,10
32193060652,ain_ain2,"😼깨발랄 볼매스타일 #아이니#끼쟁이#시트콤인생
😻엄마와 함께하는 #일상#전원생활#전원주부
😽반짝반짝 빛나는 하루하루 감사해 #소통#리뷰#맞팔",149,96
1473405,mflower,"향수, 게임, 요리
채남매맘",126,102
9205521907,a_rin73,"🏅가평홍보대사🏅
🏅세종대왕문화재홍보대사🏅
🏅올해광고모델대상🏅
🏅2020한국을빛낼자랑스런인물대상🏅
🏅대한민국베스트브랜드키즈유튜버대상🏅
🎨art's ark아츠아크쇼파 가구 전속모델🏆
🎀LBMASTAR전속키즈모델🎀
#아역배우#키즈모델
#매력에빠지는순간블랙홀🧚‍♀️💘💫",342,457
28330918793,hajeong408,"08 
애끼는 애들만 애낌
보정 심해여...",34,6
4299832479,soonwoojin_mom,"권브라더스 순우.우진 맘💕
권순우그램 👉 @soonwoo_0113
권우진그램 👉 @woojini0103",209,96
38108935496,ing0_o,"💜💚🖤💖💙🌸
🇰🇷
십이살 초딩",53,36
1591187078,sang_mi_0314,"애교많은 아들과 행복한 일상의 기록들❤️
육아 소통해요🙆 
광고는 싫어요 🙅🙅🙅",460,224
37875187872,sunnyday27_,"#everydaysunnyday🌞
소소한 일상을 공유하고 싶은 #초딩육아맘💕
#하고싶은거다해#일상#daily#집밥#홈쿡#초딩육아그램#초딩스타그램",129,116
743207,dreamqueen_won,"⠀
귀여운 딸과의 아옹다옹 사랑이야기♥️🇰🇷
⠀
#딸스타그램#초딩스타그램#8세#딸바보
#일상#여행#엄마사진사#감성사진
⠀",356,472
4620031610,suna8848a,,227,202
33641773807,jiwoo._.0417,"▫️11y,🇰🇷
▫️사진사용 X/using my photo X
▫️심한 질문들 X
 :3",7,53
2203656583,choisun0308,"아들과 나♡ 
#럽스타그램 
#아들맘 
#30대 
#초딩맘 
#육아 
#일상 
#소통",231,178
20241202295,haeun_0815,"초등 마지막😭
즐겁게 지내자!!😊
•사진사용❌
•반모 안받아요!",95,56
22371511857,yoeny0157,"난 초딩 5학뇬ㄴㅇ
I‘m Lee chae yoen",55,33
36963544137,mongdang1012,사진일기장 📷📒,185,58
35147641422,alma_frenchkorean,"💕알마 2010.09.22 /135cm
동생 이네스 계정 @ines_frenchkorean
▶️촬영문의 카톡 bredentkorea",139,75
5699377367,jhj_jessica,,156,146
1910655305,solsolsola,,76,196
21602378856,mi.ro_38,"#초딩스타그램 #일상 
까칠하지만 귀여워 😍",236,291
628314051,eun_danama,"with Dana
내사랑 다나ᆞ다나엄마 ᆞmom
http://blog.naver.com/agkpark81",337,163
1545788462,sunny1092,,116,122
3078293492,changhan_ss,,363,294
39641776608,kimseolrin77,우리딸의 그림들이 그냥 다 버려지고 사라져버릴까봐~~20살때 까지 여기에 남겨둬야지💘💘💘,36,0
31530150892,hee.d.ong,"너의 그림을 간직하고 싶다
나만의 화가🧑🏻‍🎨
8세인생",25,23
12279336132,cutejjeong_,딸래미랑 아덜래미❤️,170,72
37486737311,omg080405,옷//쓸데없이 해시태그 많이 다는 편,6,3
7468644410,1004_j2,"아들둘💕✊
지지고볶고 에너자이저들😻",168,214
3233152915,spell1004,먹는다 고로 존재한다,198,265
1775435389,hye000eee,,475,120
39309130473,ya_hobaby,"야호베이비 (8월중순 인스타OPEN) 네이버,쿠팡 판매중
👼 #유아동복쇼핑몰 #아동복마켓 #최저가판매 #베이비룩
      #화동드레스 #결혼식하객룩 #베이비슈트 #주니어의류
⭐ 24시간 디엠가능.주문가능.사이즈상담환영",108,193
5774591053,bell_kim21,"#운동하는 김쫑
#데일리 #일상 #소통 그램 이였는데 하다보니 #운동스타그램",359,249
1960828362,choimyeongok,"2GEON mom (GEON. YUL & HWI)
🇰🇷🇯🇵🇱🇦🇺🇸🇻🇳🇦🇺",197,287
1702255804,kagdl8282,,193,146
1790179684,harin_haeun,비글자매🐶🐶🖤,48,55
40651131913,eun_g17,,24,0
10213276621,dde_young11,"2009(*'▽'*)
TikTok 심 떠영
💗🤓
유튜브 심떠영
(・∀・)",10,22
20444476444,jessicajin_0_,,56,108
32583146664,yi.__.kim,"냥이들과 사는 이야기
⠀
4마리 고양이와😻🧚🏻‍♀️
북적북적 먹고 사는 이야기",297,221
39407490581,dssalong,#나이키#아디다스#정품#리복#운동화추천#일상스타그램#나이키코리아#퓨마#뉴발란스#키즈운동화,2,12
7280701158,figureskate_coach.s,#피겨스케이트 #figureskating #korea,94,41
8483352776,jeonsujin95,,114,158
4167736149,rua_bebe,루아댕댕의 막춤유튜브⬇️,115,113
10870771634,bin._.1013,"2007.10.13 
전라북도 전주",275,95
21733161800,mindellegolf,"Delle Min 🇰🇷🇱🇷 
Junior Golfer🏌️‍♀️
11 years old ⛳🏌️‍♀️
Managed by Mom & Dad ⛳ 👨‍👩‍👧
-
 📌<들레아빠 유튜브 TV 릭키민골프네이션 바로가기>",428,224
1964958076,asfotell,"🇰🇷 
소윤남매와 책 조금,여행 조금
끄적끄적 일상 담기😊
☕️✍🏻🌲✈️
내맘대로 인생 즐기기💕
(광고및 부업 정중히 사양합니다!🙅🏻‍♀️)",329,97
29521266897,_may26.official,"☁︎ 10ʏʀs. __ ᴍᴀʏ's  ᴅᴀɪʟʏ
.̆̈
.
#maysta9ram
#10yrs
#boy
#hockeyboy #icehockey #goalie #goalieboy #icehockeygoalie #daily
.
.",53,3
